Workbook

Sheet Deliveries
A1: JEROME RACAZA ACCOUNT - DELIVERY COMPARISON
A2: Handwritten ledger vs. SMS list from Jerome Racaza (URC Cbr). All amounts in PHP.
A4: Date | B4: Handwritten (PHP) | C4: SMS List (PHP) | D4: Variance (PHP) | E4: Status | F4: Qty (HW)
A5: 05/15 | B5: 68020 | C5: 68020 | D5: =IF(B5="","",B5-C5) -> 0 | E5: =IF(B5="","Not on HW sheet",IF(D5=0,"Match",IF(D5>0,"HW higher","SMS higher"))) -> Match | F5: 35
A6: 05/22 | B6: 80270 | C6: 80270 | D6: =IF(B6="","",B6-C6) -> 0 | E6: =IF(B6="","Not on HW sheet",IF(D6=0,"Match",IF(D6>0,"HW higher","SMS higher"))) -> Match | F6: 45
A7: 05/26 | B7: 19100 | C7: 19005 | D7: =IF(B7="","",B7-C7) -> 95 | E7: =IF(B7="","Not on HW sheet",IF(D7=0,"Match",IF(D7>0,"HW higher","SMS higher"))) -> HW higher | F7: 10
A8: 06/04 | B8: 81967 | C8: 82067 | D8: =IF(B8="","",B8-C8) -> -100 | E8: =IF(B8="","Not on HW sheet",IF(D8=0,"Match",IF(D8>0,"HW higher","SMS higher"))) -> SMS higher | F8: 43
A9: 06/12 | B9: 94940 | C9: 94940 | D9: =IF(B9="","",B9-C9) -> 0 | E9: =IF(B9="","Not on HW sheet",IF(D9=0,"Match",IF(D9>0,"HW higher","SMS higher"))) -> Match | F9: 48
A10: 06/22 | B10: 78961 | C10: 78461 | D10: =IF(B10="","",B10-C10) -> 500 | E10: =IF(B10="","Not on HW sheet",IF(D10=0,"Match",IF(D10>0,"HW higher","SMS higher"))) -> HW higher | F10: 41
A11: 06/30 | B11: 61580 | C11: 61580 | D11: =IF(B11="","",B11-C11) -> 0 | E11: =IF(B11="","Not on HW sheet",IF(D11=0,"Match",IF(D11>0,"HW higher","SMS higher"))) -> Match | F11: 31
A12: 07/04 | B12: 56470 | C12: 56470 | D12: =IF(B12="","",B12-C12) -> 0 | E12: =IF(B12="","Not on HW sheet",IF(D12=0,"Match",IF(D12>0,"HW higher","SMS higher"))) -> Match | F12: 30
A13: 07/09 | B13: 53375 | C13: 53375 | D13: =IF(B13="","",B13-C13) -> 0 | E13: =IF(B13="","Not on HW sheet",IF(D13=0,"Match",IF(D13>0,"HW higher","SMS higher"))) -> Match | F13: 25
A14: 07/17 | B14: 55030 | C14: 54530 | D14: =IF(B14="","",B14-C14) -> 500 | E14: =IF(B14="","Not on HW sheet",IF(D14=0,"Match",IF(D14>0,"HW higher","SMS higher"))) -> HW higher | F14: 30
A15: 07/24 | B15: 58280 | C15: 58280 | D15: =IF(B15="","",B15-C15) -> 0 | E15: =IF(B15="","Not on HW sheet",IF(D15=0,"Match",IF(D15>0,"HW higher","SMS higher"))) -> Match | F15: 22
A16: 08/04 | B16: 58530 | C16: 58530 | D16: =IF(B16="","",B16-C16) -> 0 | E16: =IF(B16="","Not on HW sheet",IF(D16=0,"Match",IF(D16>0,"HW higher","SMS higher"))) -> Match
A17: TOTAL | B17: =SUM(B5:B16) -> 766523 | C17: =SUM(C5:C16) -> 765528 | D17: =B17-C17 -> 995 | F17: =SUM(F5:F16) -> 360
A18: Through 07/24 only | B18: =SUM(B5:B15) -> 707993 | C18: =SUM(C5:C15) -> 706998 | D18: =B18-C18 -> 995
A20: NOTES
A21: 05/26: handwritten reads 19,100; SMS reads 19,005. Handwriting was hard to read - please verify.
A22: 06/04: handwritten 81,967 vs SMS 82,067. Possible transposition of the middle digits.
A23: 06/22 and 07/17: handwritten is exactly 500 higher than SMS on both. Likely a keying error on one side.
A24: 08/04 delivery of 58,530 appears only in the SMS list. The handwritten sheet stops at 07/24.
A25: Qty column is the encircled figure beside each amount on the handwritten sheet (units delivered).

Sheet Payments
A1: JEROME RACAZA ACCOUNT - PAYMENT COMPARISON
A2: Handwritten ledger vs. SMS list. Handwritten entries grouped to match SMS dating.
A4: Date | B4: Handwritten (PHP) | C4: HW Detail | D4: SMS List (PHP) | E4: Variance (PHP) | F4: Status
A5: 05/22 | B5: 35000 | D5: 35000 | E5: =B5-D5 -> 0 | F5: Excluded from the 415,000 subtotal on the sheet
A6: 06/03 | B6: 12000 | D6: 12000 | E6: =B6-D6 -> 0 | F6: Excluded from the 415,000 subtotal on the sheet
A7: 06/04 | B7: 75000 | D7: 75000 | E7: =B7-D7 -> 0
A8: 06/12 | B8: 60000 | D8: 60000 | E8: =B8-D8 -> 0
A9: 06/22 | B9: 75000 | C9: no entry | D9: 75000 | E9: =B9-D9 -> 0 | F9: NOT RECORDED on the handwritten sheet
A10: 06/30 | B10: 72000 | C10: 55,000 (6/22) + 17,000 (6/23) | D10: 72000 | E10: =B10-D10 -> 0 | F10: Same amount, dated differently
A11: 07/09 | B11: 102000 | C11: 69,000 + 33,000 | D11: 102000 | E11: =B11-D11 -> 0
A12: 07/17 | B12: 32000 | D12: 32000 | E12: =B12-D12 -> 0
A13: 07/24 | B13: 74000 | C13: 60,000 + 14,000 | D13: 74000 | E13: =B13-D13 -> 0
A14: 08/04 | B14: 62000 | C14: no entry | D14: 62000 | E14: =B14-D14 -> 0 | F14: After the handwritten cut-off
A15: 08/08 | B15: 30000 | C15: no entry | D15: 30000 | E15: =B15-D15 -> 0 | F15: After the handwritten cut-off
A16: TOTAL LISTED | B16: =SUM(B5:B15) -> 629000 | D16: =SUM(D5:D15) -> 629000 | E16: =B16-D16 -> 0
A17: CREDITED on HW sheet | B17: =B16-B5-B6 -> 582000 | C17: Total listed less 5/22 and 6/3 | F17: This is the circled 415,000 on the sheet
A19: NOTES
A20: The circled 415,000 on the handwritten sheet excludes the 5/22 (35,000) and 6/3 (12,000) payments.
A21: Confirm whether those two were deliberately left out because they were applied to an older balance.
A22: The 06/22 payment of 75,000 in the SMS list has no counterpart anywhere on the handwritten sheet.
A23: Alternative reading: HW 6/22 (55,000) may pair with SMS 6/22 (75,000), leaving HW 6/23 (17,000)
A24: and SMS 6/30 (72,000) unmatched. Either way the 75,000 gap stands. Please confirm with Jerome.

Sheet Reconciliation
A1: JEROME RACAZA ACCOUNT - BALANCE RECONCILIATION
A2: Three bases side by side. All figures pull from the Deliveries and Payments tabs.
B4: A. As per HW sheet | C4: B. HW deliveries, all HW payments | D4: C. Full SMS basis
A5: Total deliveries | B5: =Deliveries!B17 -> 766523 | C5: =Deliveries!B17 -> 766523 | D5: =Deliveries!C17 -> 765528
A6: Less: payments applied | B6: =Payments!B17 -> 582000 | C6: =Payments!B16 -> 629000 | D6: =Payments!D16 -> 629000
A7: Balance before incentive | B7: =B5-B6 -> 184523 | C7: =C5-C6 -> 137523 | D7: =D5-D6 -> 136528
A8: Less: incentive | B8: 7400 | C8: 7400 | D8: 7400 | E8: Input cell - from the handwritten sheet
A9: STANDING BALANCE | B9: =B7-B8 -> 177123 | C9: =C7-C8 -> 130123 | D9: =D7-D8 -> 129128
A11: BASIS DEFINITIONS
A12: A. | B12: Exactly what the handwritten sheet computes: 707,993 deliveries less the circled 415,000.
A13: B. | B13: Handwritten deliveries, but crediting every payment written on the sheet including 5/22 and 6/3.
A14: C. | B14: Jerome's SMS figures in full, including the 08/04 delivery and the 08/04 and 08/08 payments.
A16: GAP BETWEEN BASIS A AND BASIS C
A17: Payments left out of the 415,000 subtotal (5/22 + 6/3) | B17: =Payments!B5+Payments!B6 -> 47000
A18: 06/22 payment absent from the handwritten sheet | B18: =Payments!D9 -> 75000
A19: August payments, after the handwritten cut-off | B19: =Payments!D14+Payments!D15 -> 92000
A20: Less: 08/04 delivery not yet booked on the sheet | B20: =-Deliveries!C16 -> -58530
A21: Net delivery overstatement on the handwritten sheet | B21: =Deliveries!D18 -> 995
A22: TOTAL GAP | B22: =SUM(B17:B21) -> 156465 | C22: =B9-D9 -> 47995 | D22: Cross-check: must equal the total gap
A25: TO VERIFY WITH JEROME
A26: 1. Was the 06/22 payment of 75,000 actually received? It is the single largest unexplained item.
A27: 2. Were the 5/22 (35,000) and 6/3 (12,000) payments applied to an older balance?
A28: 3. Reconfirm the four delivery amounts flagged on the Deliveries tab (05/26, 06/04, 06/22, 07/17).
A29: 4. Book the 08/04 delivery of 58,530 into the ledger.
A30: 5. Confirm the 7,400 incentive figure and what period it covers.

Sheet Sheet1

Sheet Legend
A1: HOW TO USE THIS WORKBOOK
A4: Blue text | B4: Hardcoded input, typed from the source images. Edit these to correct a figure.
A5: Black text | B5: Formula. Do not overwrite - it recalculates from the blue inputs.
A6: Green text | B6: Link pulling a figure from another tab in this workbook.
A7: Peach fill | B7: Row where the handwritten sheet and the SMS list disagree.
A8: Yellow fill | B8: Final standing balance under each basis.
A10: SOURCES
A11: Handwritten ledger | B11: Photo of the handwritten Jerome Racaza account sheet, supplied by the user.
A12: SMS list | B12: Screenshot of the SMS thread with Jerome Racaza (URC Cbr), dated Aug 8-9.
A14: CAUTION
B15: Several handwritten figures were difficult to read from the photo. Every amount flagged
B16: on the Deliveries tab should be checked against the original paper before this is filed.
